metric,value
ConceptCoverage,0.7390813965063828
FlowCoverage,0.7671214387967036
ValidationCoverage,0.7396744234221322
SemanticCoverage,0.748625752908406
