metric,value
ConceptCoverage,0.7209567026216157
FlowCoverage,0.7543167609638638
ValidationCoverage,0.7021360993385315
SemanticCoverage,0.725803187641337
