metric,value
ConceptCoverage,0.7679447570154744
FlowCoverage,0.7989113212705733
ValidationCoverage,0.7682122323248122
SemanticCoverage,0.7783561035369533
