metric,value
ConceptCoverage,0.7370075498308454
FlowCoverage,0.7705014573203193
ValidationCoverage,0.7352082431316376
SemanticCoverage,0.7475724167609341
