metric,value
ConceptCoverage,0.8325573727488518
FlowCoverage,0.8211509939553081
ValidationCoverage,0.8489388624827067
SemanticCoverage,0.8342157430622889
