metric,value
ConceptCoverage,0.7937612618718829
FlowCoverage,0.7977860229355949
ValidationCoverage,0.7910884380340576
SemanticCoverage,0.7942119076138452
