metric,value
ConceptCoverage,0.7350628338754177
FlowCoverage,0.786759442192013
ValidationCoverage,0.7181743780771891
SemanticCoverage,0.74666555138154
