metric,value
ConceptCoverage,0.7502191981603933
FlowCoverage,0.7912545290012909
ValidationCoverage,0.7594707608222961
SemanticCoverage,0.76698149599466
