metric,value
ConceptCoverage,0.7180606399263655
FlowCoverage,0.7425788331341434
ValidationCoverage,0.7182944516340891
SemanticCoverage,0.7263113082315327
