metric,value
ConceptCoverage,0.7333285999298096
FlowCoverage,0.7762195551395417
ValidationCoverage,0.7249115705490112
SemanticCoverage,0.7448199085394541
