metric,value
ConceptCoverage,0.7679166793823242
FlowCoverage,0.7925434566255826
ValidationCoverage,0.7304756343364716
SemanticCoverage,0.7636452567814594
