metric,value
ConceptCoverage,0.7463503827651342
FlowCoverage,0.771511038481179
ValidationCoverage,0.7308403849601746
SemanticCoverage,0.749567268735496
