metric,value
ConceptCoverage,0.756156491736571
FlowCoverage,0.7851433776892148
ValidationCoverage,0.7609915465116501
SemanticCoverage,0.7674304719791453
