metric,value
ConceptCoverage,0.7519150753815969
FlowCoverage,0.7877768014298111
ValidationCoverage,0.7490559779107571
SemanticCoverage,0.762915951574055
