metric,value
ConceptCoverage,0.7551565647125245
FlowCoverage,0.7912371956533001
ValidationCoverage,0.7438029050827026
SemanticCoverage,0.7633988884828424
