metric,value
ConceptCoverage,0.759971121592181
FlowCoverage,0.7971803551824223
ValidationCoverage,0.7648538168933656
SemanticCoverage,0.7740017645559897
