metric,value
ConceptCoverage,0.7190320558018155
FlowCoverage,0.7665098851377313
ValidationCoverage,0.6892365217208862
SemanticCoverage,0.7249261542201443
