metric,value
ConceptCoverage,0.7233378082513809
FlowCoverage,0.7621883504530963
ValidationCoverage,0.7695497130525524
SemanticCoverage,0.7516919572523433
