metric,value
ConceptCoverage,0.7340267172881535
FlowCoverage,0.7773535823822022
ValidationCoverage,0.7740161220232645
SemanticCoverage,0.7617988072312066
