metric,value
ConceptCoverage,0.7525453753769398
FlowCoverage,0.8110286510652966
ValidationCoverage,0.7973621845245361
SemanticCoverage,0.7869787369889242
