metric,value
ConceptCoverage,0.7920645972092947
FlowCoverage,0.7939463403760171
ValidationCoverage,0.7687089334834706
SemanticCoverage,0.7849066236895941
