metric,value
ConceptCoverage,0.762752618859796
FlowCoverage,0.7747399398118011
ValidationCoverage,0.7313728928565979
SemanticCoverage,0.7562884838427317
