metric,value
ConceptCoverage,0.717750187431063
FlowCoverage,0.7655768593152364
ValidationCoverage,0.7898893505334854
SemanticCoverage,0.7577387990932616
