metric,value
ConceptCoverage,0.7368591013162032
FlowCoverage,0.7861900268768778
ValidationCoverage,0.7680006577418401
SemanticCoverage,0.7636832619783069
