metric,value
ConceptCoverage,0.7812635481357575
FlowCoverage,0.8186211585998535
ValidationCoverage,0.7924635240009853
SemanticCoverage,0.7974494102455321
