metric,value
ConceptCoverage,0.8350979250210983
FlowCoverage,0.8108706474304199
ValidationCoverage,0.8291090242564678
SemanticCoverage,0.8250258655693287
