metric,value
ConceptCoverage,0.7249992827574412
FlowCoverage,0.7787704789449298
ValidationCoverage,0.760703980922699
SemanticCoverage,0.7548245808750234
