metric,value
ConceptCoverage,0.7386497855186462
FlowCoverage,0.7601523432466719
ValidationCoverage,0.7747750729322433
SemanticCoverage,0.7578590672325204
