metric,value
ConceptCoverage,0.7611910104751587
FlowCoverage,0.7964178426512356
ValidationCoverage,0.7702181935310364
SemanticCoverage,0.7759423488858103
