metric,value
ConceptCoverage,0.7606715597212315
FlowCoverage,0.810983718931675
ValidationCoverage,0.7410745620727539
SemanticCoverage,0.7709099469085534
