metric,value
ConceptCoverage,0.7283425211906434
FlowCoverage,0.7487550521418996
ValidationCoverage,0.7207318941752116
SemanticCoverage,0.7326098225025848
