metric,value
ConceptCoverage,0.710939098377617
FlowCoverage,0.7612155416224262
ValidationCoverage,0.7488007259368896
SemanticCoverage,0.7403184553123111
