metric,value
ConceptCoverage,0.7425584689430569
FlowCoverage,0.7802578279127678
ValidationCoverage,0.7587059696515401
SemanticCoverage,0.7605074221691215
