metric,value
ConceptCoverage,0.7384840639737936
FlowCoverage,0.7890245751901106
ValidationCoverage,0.7326112339893976
SemanticCoverage,0.7533732910511005
