metric,value
ConceptCoverage,0.707958310842514
FlowCoverage,0.7493421822786331
ValidationCoverage,0.7300143497330802
SemanticCoverage,0.7291049476180756
