metric,value
ConceptCoverage,0.7381747750674977
FlowCoverage,0.7666369919423703
ValidationCoverage,0.7181454747915268
SemanticCoverage,0.7409857472671316
