metric,value
ConceptCoverage,0.7441055151549253
FlowCoverage,0.771776507882511
ValidationCoverage,0.7511923096396707
SemanticCoverage,0.7556914442257024
