metric,value
ConceptCoverage,0.7026968220105538
FlowCoverage,0.7393228536066802
ValidationCoverage,0.6998150165264423
SemanticCoverage,0.7139448973812254
