metric,value
ConceptCoverage,0.8197176694869995
FlowCoverage,0.8046584343642331
ValidationCoverage,0.806068652205997
SemanticCoverage,0.8101482520190766
