metric,value
ConceptCoverage,0.764394505156411
FlowCoverage,0.7688263239044892
ValidationCoverage,0.8003749549388885
SemanticCoverage,0.777865261333263
