metric,value
ConceptCoverage,0.6976974462017869
FlowCoverage,0.7570237731933593
ValidationCoverage,0.7187838435173035
SemanticCoverage,0.7245016876374833
