metric,value
ConceptCoverage,0.7279761476176125
FlowCoverage,0.740806661698283
ValidationCoverage,0.7113580107688904
SemanticCoverage,0.7267136066949287
