metric,value
ConceptCoverage,0.7409106564521789
FlowCoverage,0.7399034227233335
ValidationCoverage,0.7834123075008392
SemanticCoverage,0.7547421288921172
