metric,value
ConceptCoverage,0.7401600605563113
FlowCoverage,0.7640493317790653
ValidationCoverage,0.7497402846813201
SemanticCoverage,0.7513165590055655
