metric,value
ConceptCoverage,0.7195873161156973
FlowCoverage,0.7566282567770585
ValidationCoverage,0.7566384673118591
SemanticCoverage,0.7442846800682049
