metric,value
ConceptCoverage,0.721273010969162
FlowCoverage,0.7700476156813758
ValidationCoverage,0.7530168712139129
SemanticCoverage,0.7481124992881503
