metric,value
ConceptCoverage,0.7348931531111399
FlowCoverage,0.7769450730747647
ValidationCoverage,0.7286331057548523
SemanticCoverage,0.7468237773135856
