metric,value
ConceptCoverage,0.8126482665538788
FlowCoverage,0.8016663275767064
ValidationCoverage,0.8240718483924866
SemanticCoverage,0.8127954808410239
