{
  "num_reports_processed": 29,
  "avg_concept_coverage": 0.7531478996576503,
  "avg_flow_coverage": 0.7886778541276972,
  "avg_validation_coverage": 0.7918646817020801,
  "avg_semantic_coverage": 0.7778968118291425
}