metric,value
ConceptCoverage,0.7676152416637966
FlowCoverage,0.761303266457149
ValidationCoverage,0.7528056303660074
SemanticCoverage,0.7605747128289844
