metric,value
ConceptCoverage,0.7660410680941173
FlowCoverage,0.8187565329747323
ValidationCoverage,0.7508576313654581
SemanticCoverage,0.7785517441447692
