metric,value
ConceptCoverage,0.7593216562271118
FlowCoverage,0.7938810020196633
ValidationCoverage,0.7746855815251669
SemanticCoverage,0.7759627465906473
