metric,value
ConceptCoverage,0.7441057150180523
FlowCoverage,0.7986347277959188
ValidationCoverage,0.7188114523887634
SemanticCoverage,0.7538506317342448
