metric,value
ConceptCoverage,0.7289690429514105
FlowCoverage,0.7469023365652963
ValidationCoverage,0.7017064094543457
SemanticCoverage,0.7258592629903508
