metric,value
ConceptCoverage,0.7130301552159446
FlowCoverage,0.7571807905383732
ValidationCoverage,0.712013476424747
SemanticCoverage,0.727408140726355
