metric,value
ConceptCoverage,0.7238723701900907
FlowCoverage,0.7801903901678143
ValidationCoverage,0.7488150265481737
SemanticCoverage,0.7509592623020263
