metric,value
ConceptCoverage,0.6999326422810555
FlowCoverage,0.7694154368794482
ValidationCoverage,0.7236954470475515
SemanticCoverage,0.7310145087360184
