metric,value
ConceptCoverage,0.7239145785570145
FlowCoverage,0.7286520232172573
ValidationCoverage,0.7265753746032715
SemanticCoverage,0.7263806587925145
