{
  "num_reports_processed": 29,
  "avg_concept_coverage": 0.7562710160679702,
  "avg_flow_coverage": 0.7910420850820322,
  "avg_validation_coverage": 0.7658670487826961,
  "avg_semantic_coverage": 0.7710600499775662
}