metric,value
ConceptCoverage,0.7325867215792338
FlowCoverage,0.7915164857375913
ValidationCoverage,0.7366662621498108
SemanticCoverage,0.7535898231555453
