metric,value
ConceptCoverage,0.7463180989027023
FlowCoverage,0.774028442800045
ValidationCoverage,0.7687548696994781
SemanticCoverage,0.7630338038007419
