metric,value
ConceptCoverage,0.7971718509991964
FlowCoverage,0.809994903979478
ValidationCoverage,0.7933057025074959
SemanticCoverage,0.8001574858287235
