metric,value
ConceptCoverage,0.7450759690254927
FlowCoverage,0.7832432041565577
ValidationCoverage,0.7673450311024984
SemanticCoverage,0.765221401428183
