metric,value
ConceptCoverage,0.7514971991380056
FlowCoverage,0.7892695061999596
ValidationCoverage,0.7769283652305603
SemanticCoverage,0.772565023522842
