metric,value
ConceptCoverage,0.7632770027433123
FlowCoverage,0.8293278898511615
ValidationCoverage,0.7974430961268288
SemanticCoverage,0.7966826629071009
