metric,value
ConceptCoverage,0.7355055324733257
FlowCoverage,0.7213025139827355
ValidationCoverage,0.6930841505527496
SemanticCoverage,0.7166307323362703
