metric,value
ConceptCoverage,0.7393961091836293
FlowCoverage,0.7811219511287553
ValidationCoverage,0.7592570506609403
SemanticCoverage,0.7599250369911082
