metric,value
ConceptCoverage,0.713720326838286
FlowCoverage,0.7635900797667327
ValidationCoverage,0.6994929313659668
SemanticCoverage,0.7256011126569951
