metric,value
ConceptCoverage,0.7758153676986694
FlowCoverage,0.810370072405389
ValidationCoverage,0.7713376879692078
SemanticCoverage,0.7858410426910888
