metric,value
ConceptCoverage,0.7437794059514999
FlowCoverage,0.7492233594851707
ValidationCoverage,0.7755367027388679
SemanticCoverage,0.7561798227251795
