metric,value
ConceptCoverage,0.7099676498999963
FlowCoverage,0.7739886466799111
ValidationCoverage,0.7735272526741028
SemanticCoverage,0.7524945164180034
