metric,value
ConceptCoverage,0.7921996333382346
FlowCoverage,0.8203837180894519
ValidationCoverage,0.8063031037648519
SemanticCoverage,0.8062954850641795
