metric,value
ConceptCoverage,0.7583760414272547
FlowCoverage,0.7882015074000639
ValidationCoverage,0.7665603160858154
SemanticCoverage,0.7710459549710448
