{
  "num_reports_processed": 29,
  "avg_design_to_code_alignment": 0.8366089127914647,
  "avg_requirement_to_code_alignment": 0.8331034685286861
}