metric,value
ConceptCoverage,0.7685786106369712
FlowCoverage,0.7682197036808485
ValidationCoverage,0.7464462518692017
SemanticCoverage,0.7610815220623405
