metric,value
ConceptCoverage,0.7452585642988031
FlowCoverage,0.7742439133149607
ValidationCoverage,0.75239497423172
SemanticCoverage,0.7572991506151613
