metric,value
ConceptCoverage,0.7486452231040368
FlowCoverage,0.8084552067297476
ValidationCoverage,0.7188114523887634
SemanticCoverage,0.7586372940741826
