metric,value
ConceptCoverage,0.7394851565361023
FlowCoverage,0.760445659160614
ValidationCoverage,0.7366864085197449
SemanticCoverage,0.7455390747388204
