metric,value
ConceptCoverage,0.6847969050760623
FlowCoverage,0.7312667369842529
ValidationCoverage,0.7020383543438382
SemanticCoverage,0.7060339988013844
