{
  "num_reports_processed": 29,
  "avg_design_to_code_alignment": 0.8353836340960925,
  "avg_requirement_to_code_alignment": 0.8278586172345321
}