metric,value
ConceptCoverage,0.7580541807871598
FlowCoverage,0.8050333242262563
ValidationCoverage,0.7957167075230525
SemanticCoverage,0.7862680708454896
