metric,value
ConceptCoverage,0.8001539753033564
FlowCoverage,0.793810374701201
ValidationCoverage,0.821837991476059
SemanticCoverage,0.8052674471602055
