metric,value
ConceptCoverage,0.8081198079245431
FlowCoverage,0.7879710278727792
ValidationCoverage,0.7936133316584996
SemanticCoverage,0.7965680558186072
