metric,value
ConceptCoverage,0.7276380535434274
FlowCoverage,0.7587365532914797
ValidationCoverage,0.7864456375439962
SemanticCoverage,0.757606748126301
