{
  "num_reports_processed": 29,
  "avg_concept_coverage": 0.7433745785519885,
  "avg_flow_coverage": 0.7749364292634895,
  "avg_validation_coverage": 0.7857378941745835,
  "avg_semantic_coverage": 0.7680163006633539
}