metric,value
ConceptCoverage,0.7422953165239758
FlowCoverage,0.8050318632436835
ValidationCoverage,0.7591546773910522
SemanticCoverage,0.7688272857195706
