metric,value
ConceptCoverage,0.7779932022094727
FlowCoverage,0.7631678152829409
ValidationCoverage,0.8241910735766093
SemanticCoverage,0.7884506970230075
