metric,value
ConceptCoverage,0.7258862100896382
FlowCoverage,0.7691959835762201
ValidationCoverage,0.7503151148557663
SemanticCoverage,0.7484657695072082
