metric,value
ConceptCoverage,0.8133273795247078
FlowCoverage,0.8019337978177857
ValidationCoverage,0.8034270207087199
SemanticCoverage,0.8062293993504044
