metric,value
ConceptCoverage,0.8176971299307687
FlowCoverage,0.8036115068655748
ValidationCoverage,0.79301518201828
SemanticCoverage,0.8047746062715412
