metric,value
ConceptCoverage,0.7552761412583865
FlowCoverage,0.7924692034721375
ValidationCoverage,0.7433407366275787
SemanticCoverage,0.7636953604527009
