metric,value
ConceptCoverage,0.7279075461049234
FlowCoverage,0.7711441249682985
ValidationCoverage,0.7674532135327657
SemanticCoverage,0.755501628201996
