metric,value
ConceptCoverage,0.7331257164478302
FlowCoverage,0.7903743393119724
ValidationCoverage,0.695995420217514
SemanticCoverage,0.7398318253257722
