metric,value
ConceptCoverage,0.7346114733002402
FlowCoverage,0.7900464336077372
ValidationCoverage,0.7332541346549988
SemanticCoverage,0.7526373471876587
