metric,value
ConceptCoverage,0.7827055369104657
FlowCoverage,0.7677619769924977
ValidationCoverage,0.812008798122406
SemanticCoverage,0.7874921040084565
