metric,value
ConceptCoverage,0.7727935750569616
FlowCoverage,0.8060508697897524
ValidationCoverage,0.7727642208337784
SemanticCoverage,0.7838695552268308
