metric,value
ConceptCoverage,0.7587867453694344
FlowCoverage,0.800313558361747
ValidationCoverage,0.7804250568151474
SemanticCoverage,0.7798417868487763
