metric,value
ConceptCoverage,0.7112940355487491
FlowCoverage,0.7463643074567828
ValidationCoverage,0.710564911365509
SemanticCoverage,0.7227410847903469
