metric,value
ConceptCoverage,0.8161055088043213
FlowCoverage,0.8197481452472626
ValidationCoverage,0.8418057262897491
SemanticCoverage,0.8258864601137778
