metric,value
ConceptCoverage,0.7563043077786763
FlowCoverage,0.7915234101020684
ValidationCoverage,0.7979172865549723
SemanticCoverage,0.7819150014785724
