metric,value
ConceptCoverage,0.7597344160079956
FlowCoverage,0.7898889599844466
ValidationCoverage,0.7624811967213948
SemanticCoverage,0.7707015242379457
