metric,value
ConceptCoverage,0.7162811408440272
FlowCoverage,0.769262409487436
ValidationCoverage,0.7202523946762085
SemanticCoverage,0.7352653150025571
