metric,value
ConceptCoverage,0.7394901633262634
FlowCoverage,0.8190035832689163
ValidationCoverage,0.7481945497649056
SemanticCoverage,0.7688960987866951
