metric,value
ConceptCoverage,0.7241320970811342
FlowCoverage,0.7773903922655097
ValidationCoverage,0.7219082011896021
SemanticCoverage,0.741143563512082
