metric,value
ConceptCoverage,0.7727824414477629
FlowCoverage,0.7888103827186252
ValidationCoverage,0.8350197076797485
SemanticCoverage,0.7988708439487122
