metric,value
ConceptCoverage,0.7585252171907669
FlowCoverage,0.7820594099660715
ValidationCoverage,0.7500308056672415
SemanticCoverage,0.7635384776080266
