metric,value
ConceptCoverage,0.7356978023753447
FlowCoverage,0.7864988721334017
ValidationCoverage,0.7454324960708618
SemanticCoverage,0.7558763901932027
