metric,value
ConceptCoverage,0.7449605496306169
FlowCoverage,0.7547278340938872
ValidationCoverage,0.7620023488998413
SemanticCoverage,0.7538969108747818
