metric,value
ConceptCoverage,0.7568360726038615
FlowCoverage,0.8011620179299386
ValidationCoverage,0.7623181194067001
SemanticCoverage,0.7734387366468334
