metric,value
ConceptCoverage,0.771138378164985
FlowCoverage,0.8292650220294794
ValidationCoverage,0.8010794162750244
SemanticCoverage,0.8004942721564962
