metric,value
ConceptCoverage,0.735194221690849
FlowCoverage,0.7614306461598191
ValidationCoverage,0.7281939834356308
SemanticCoverage,0.7416062837620997
