metric,value
ConceptCoverage,0.7700594717806036
FlowCoverage,0.8067079896622515
ValidationCoverage,0.7313031256198883
SemanticCoverage,0.7693568623542478
