metric,value
ConceptCoverage,0.6593250914623863
FlowCoverage,0.734739790742214
ValidationCoverage,0.6835789680480957
SemanticCoverage,0.692547950084232
