metric,value
ConceptCoverage,0.8169899880886078
FlowCoverage,0.82951487104098
ValidationCoverage,0.8371364176273346
SemanticCoverage,0.8278804255856408
