metric,value
ConceptCoverage,0.7010402418673038
FlowCoverage,0.7709776588848659
ValidationCoverage,0.7082294984297319
SemanticCoverage,0.7267491330606339
