metric,value
ConceptCoverage,0.7527179079396384
FlowCoverage,0.805540004502172
ValidationCoverage,0.7272499799728394
SemanticCoverage,0.7618359641382165
