metric,value
ConceptCoverage,0.7354392021894455
FlowCoverage,0.7831131150709332
ValidationCoverage,0.7559636201177324
SemanticCoverage,0.7581719791260371
