metric,value
ConceptCoverage,0.7414757162332535
FlowCoverage,0.761532678604126
ValidationCoverage,0.7456681728363037
SemanticCoverage,0.7495588558912277
