metric,value
ConceptCoverage,0.7173232206931481
FlowCoverage,0.765965869029363
ValidationCoverage,0.739469105998675
SemanticCoverage,0.7409193985737287
