{
  "num_reports_processed": 29,
  "avg_concept_coverage": 0.7552324075066569,
  "avg_flow_coverage": 0.7578126854248427,
  "avg_validation_coverage": 0.8410538100648199,
  "avg_semantic_coverage": 0.7846996343321065
}