metric,value
ConceptCoverage,0.7342146619370109
FlowCoverage,0.7795864242618367
ValidationCoverage,0.7500885518697592
SemanticCoverage,0.7546298793562022
