metric,value
ConceptCoverage,0.7626820504665375
FlowCoverage,0.7899444120270865
ValidationCoverage,0.722902774810791
SemanticCoverage,0.7585097457681383
