metric,value
ConceptCoverage,0.7420162212848663
FlowCoverage,0.7781250665927756
ValidationCoverage,0.7740308344364166
SemanticCoverage,0.7647240407713528
