metric,value
ConceptCoverage,0.7604787370254253
FlowCoverage,0.7767962683206318
ValidationCoverage,0.7839246292908987
SemanticCoverage,0.773733211545652
