metric,value
ConceptCoverage,0.7672357559204102
FlowCoverage,0.8169652534567792
ValidationCoverage,0.7498857975006104
SemanticCoverage,0.7780289356259332
