{
  "num_reports_processed": 29,
  "avg_concept_coverage": 0.741383007281365,
  "avg_flow_coverage": 0.7865510608236456,
  "avg_validation_coverage": 0.7650684671867454,
  "avg_semantic_coverage": 0.7643341784305854
}