metric,value
ConceptCoverage,0.7755232155323029
FlowCoverage,0.8039020169072035
ValidationCoverage,0.7750713229179382
SemanticCoverage,0.7848321851191482
