metric,value
ConceptCoverage,0.7696674466133118
FlowCoverage,0.7962183288989528
ValidationCoverage,0.7810287134987968
SemanticCoverage,0.7823048296703538
