metric,value
ConceptCoverage,0.7793250836824116
FlowCoverage,0.827023567575397
ValidationCoverage,0.8289994120597839
SemanticCoverage,0.8117826877725308
