metric,value
ConceptCoverage,0.7683717459440231
FlowCoverage,0.7956022569473754
ValidationCoverage,0.7516120374202728
SemanticCoverage,0.7718620134372238
