metric,value
ConceptCoverage,0.7307324597710058
FlowCoverage,0.7811709390746222
ValidationCoverage,0.7401157736778259
SemanticCoverage,0.750673057507818
